{
  "_fv": 34,
  "_type": "gui",
  "definition": {
    "type": 1,
    "width": 176,
    "height": 166,
    "inventoryOffsetX": 0,
    "inventoryOffsetY": 0,
    "renderBgLayer": true,
    "doesPauseGame": false,
    "components": [
      {
        "type": "label",
        "data": {
          "text": "Boutique Abonnements",
          "color": {
            "value": -12829636,
            "falpha": 0.0
          },
          "name": "Boutique Abonnements",
          "x": 159,
          "y": 44
        }
      },
      {
        "type": "label",
        "data": {
          "text": "Type : Essentiel",
          "color": {
            "value": -12829636,
            "falpha": 0.0
          },
          "name": "Type : Essentiel",
          "x": 168,
          "y": 53
        }
      },
      {
        "type": "inputslot",
        "data": {
          "inputLimit": {
            "value": "CUSTOM:Cartedetransport"
          },
          "id": 0,
          "disableStackInteraction": false,
          "dropItemsWhenNotBound": true,
          "name": "Slot #0",
          "x": 141,
          "y": 71
        }
      },
      {
        "type": "inputslot",
        "data": {
          "inputLimit": {
            "value": "Items.EMERALD"
          },
          "id": 1,
          "disableStackInteraction": false,
          "dropItemsWhenNotBound": true,
          "name": "Slot #1",
          "x": 168,
          "y": 71
        }
      },
      {
        "type": "button",
        "data": {
          "text": "Acheter",
          "onClick": {
            "name": "BuyCarteEProces"
          },
          "width": 61,
          "height": 20,
          "name": "Acheter",
          "x": 195,
          "y": 71
        }
      },
      {
        "type": "outputslot",
        "data": {
          "id": 2,
          "disableStackInteraction": false,
          "dropItemsWhenNotBound": true,
          "name": "Slot #2",
          "x": 267,
          "y": 71
        }
      },
      {
        "type": "label",
        "data": {
          "text": "Page : 2/3",
          "color": {
            "value": -12829636,
            "falpha": 0.0
          },
          "name": "Page : 2/3",
          "x": 186,
          "y": 107
        }
      },
      {
        "type": "button",
        "data": {
          "text": ">",
          "onClick": {
            "name": "BuyCarteIllimiteOpen"
          },
          "width": 30,
          "height": 20,
          "name": ">",
          "x": 267,
          "y": 98
        }
      },
      {
        "type": "button",
        "data": {
          "text": "<",
          "onClick": {
            "name": "BuyCarte10Open"
          },
          "width": 30,
          "height": 20,
          "name": "<",
          "x": 132,
          "y": 98
        }
      }
    ],
    "gridSettings": {
      "sx": 18,
      "sy": 18,
      "ox": 11,
      "oy": 15,
      "snapOnGrid": true
    }
  }
}