{
  "_fv": 34,
  "_type": "gui",
  "definition": {
    "type": 1,
    "width": 176,
    "height": 166,
    "inventoryOffsetX": 0,
    "inventoryOffsetY": 0,
    "renderBgLayer": true,
    "doesPauseGame": false,
    "components": [
      {
        "type": "label",
        "data": {
          "text": "Boutique Expresse",
          "color": {
            "value": -12829636,
            "falpha": 0.0
          },
          "name": "Boutique Expresse",
          "x": 168,
          "y": 44
        }
      },
      {
        "type": "inputslot",
        "data": {
          "inputLimit": {
            "value": "Items.EMERALD"
          },
          "id": 0,
          "disableStackInteraction": false,
          "dropItemsWhenNotBound": true,
          "name": "Slot #0",
          "x": 150,
          "y": 71
        }
      },
      {
        "type": "outputslot",
        "data": {
          "id": 1,
          "disableStackInteraction": false,
          "dropItemsWhenNotBound": true,
          "name": "Slot #1",
          "x": 249,
          "y": 71
        }
      },
      {
        "type": "button",
        "data": {
          "text": "Acheter",
          "onClick": {
            "name": "BuyTicket1Express"
          },
          "width": 61,
          "height": 20,
          "name": "Acheter",
          "x": 177,
          "y": 71
        }
      }
    ],
    "gridSettings": {
      "sx": 18,
      "sy": 18,
      "ox": 11,
      "oy": 15,
      "snapOnGrid": true
    }
  }
}