{
  "_fv": 34,
  "_type": "gui",
  "definition": {
    "type": 1,
    "width": 176,
    "height": 166,
    "inventoryOffsetX": 0,
    "inventoryOffsetY": 0,
    "renderBgLayer": true,
    "doesPauseGame": false,
    "components": [
      {
        "type": "label",
        "data": {
          "text": "Boutique Ticket 10 Voyages",
          "color": {
            "value": -12829636,
            "falpha": 0.0
          },
          "name": "Boutique Ticket 10 Voyages",
          "x": 150,
          "y": 44
        }
      },
      {
        "type": "inputslot",
        "data": {
          "inputLimit": {
            "value": "Items.EMERALD"
          },
          "id": 0,
          "disableStackInteraction": false,
          "dropItemsWhenNotBound": true,
          "name": "Slot #0",
          "x": 150,
          "y": 62
        }
      },
      {
        "type": "button",
        "data": {
          "text": "Acheter",
          "onClick": {
            "name": "BuyTicket10Verif"
          },
          "width": 61,
          "height": 20,
          "name": "Acheter",
          "x": 177,
          "y": 62
        }
      },
      {
        "type": "outputslot",
        "data": {
          "id": 1,
          "disableStackInteraction": false,
          "dropItemsWhenNotBound": true,
          "name": "Slot #1",
          "x": 249,
          "y": 62
        }
      },
      {
        "type": "label",
        "data": {
          "text": "Page 3/3",
          "color": {
            "value": -12829636,
            "falpha": 0.0
          },
          "name": "Page 3/3",
          "x": 186,
          "y": 107
        }
      },
      {
        "type": "button",
        "data": {
          "text": "<",
          "onClick": {
            "name": "BuyTicket3Acces"
          },
          "width": 30,
          "height": 20,
          "name": "<",
          "x": 132,
          "y": 98
        }
      }
    ],
    "gridSettings": {
      "sx": 18,
      "sy": 18,
      "ox": 11,
      "oy": 15,
      "snapOnGrid": true
    }
  }
}