{
  "_fv": 34,
  "_type": "gui",
  "definition": {
    "type": 0,
    "width": 176,
    "height": 166,
    "inventoryOffsetX": 0,
    "inventoryOffsetY": 0,
    "renderBgLayer": true,
    "doesPauseGame": false,
    "components": [
      {
        "type": "label",
        "data": {
          "text": "Boutique Carte",
          "color": {
            "value": -12829636,
            "falpha": 0.0
          },
          "name": "Boutique Carte",
          "x": 177,
          "y": 44
        }
      },
      {
        "type": "button",
        "data": {
          "text": "J'ai une carte",
          "onClick": {
            "name": "BuyCarte10Open"
          },
          "width": 98,
          "height": 20,
          "name": "J'ai une carte",
          "x": 168,
          "y": 116
        }
      },
      {
        "type": "button",
        "data": {
          "text": "Je n'ai pas de carte",
          "onClick": {
            "name": "CreateCardOpen"
          },
          "width": 129,
          "height": 20,
          "name": "Je n'ai pas de carte",
          "x": 150,
          "y": 71
        }
      },
      {
        "type": "button",
        "data": {
          "text": "X",
          "onClick": {
            "name": "ExitGUI"
          },
          "width": 30,
          "height": 20,
          "name": "X",
          "x": 267,
          "y": 179
        }
      }
    ],
    "gridSettings": {
      "sx": 18,
      "sy": 18,
      "ox": 11,
      "oy": 15,
      "snapOnGrid": true
    }
  }
}