{
  "_fv": 34,
  "_type": "gui",
  "definition": {
    "type": 0,
    "width": 176,
    "height": 166,
    "inventoryOffsetX": 0,
    "inventoryOffsetY": 0,
    "renderBgLayer": true,
    "doesPauseGame": false,
    "components": [
      {
        "type": "label",
        "data": {
          "text": "Accès",
          "color": {
            "value": -12829636,
            "falpha": 0.0
          },
          "name": "Accès",
          "x": 195,
          "y": 44
        }
      },
      {
        "type": "label",
        "data": {
          "text": "Via les lignes",
          "color": {
            "value": -12829636,
            "falpha": 0.0
          },
          "name": "Via les lignes",
          "x": 177,
          "y": 62
        }
      },
      {
        "type": "label",
        "data": {
          "text": "D et Expresse B",
          "color": {
            "value": -12829636,
            "falpha": 0.0
          },
          "name": "D et Expresse B",
          "x": 177,
          "y": 89
        }
      },
      {
        "type": "button",
        "data": {
          "text": "<",
          "width": 30,
          "height": 20,
          "name": "<",
          "x": 132,
          "y": 179
        }
      }
    ],
    "gridSettings": {
      "sx": 18,
      "sy": 18,
      "ox": 11,
      "oy": 15,
      "snapOnGrid": true
    }
  }
}