{
  "_fv": 34,
  "_type": "gui",
  "definition": {
    "type": 0,
    "width": 176,
    "height": 166,
    "inventoryOffsetX": 0,
    "inventoryOffsetY": 0,
    "renderBgLayer": true,
    "doesPauseGame": false,
    "components": [
      {
        "type": "label",
        "data": {
          "text": "Accès",
          "color": {
            "value": -12829636,
            "falpha": 0.0
          },
          "name": "Accès",
          "x": 195,
          "y": 44
        }
      },
      {
        "type": "label",
        "data": {
          "text": "Via les lignes :",
          "color": {
            "value": -12829636,
            "falpha": 0.0
          },
          "name": "Via les lignes :",
          "x": 168,
          "y": 62
        }
      },
      {
        "type": "label",
        "data": {
          "text": "A, B, C, D, E et F",
          "color": {
            "value": -12829636,
            "falpha": 0.0
          },
          "name": "A, B, C, D, E et F",
          "x": 159,
          "y": 80
        }
      },
      {
        "type": "button",
        "data": {
          "text": "<",
          "onClick": {
            "name": "GareGUI0Open"
          },
          "width": 30,
          "height": 20,
          "name": "<",
          "x": 132,
          "y": 179
        }
      }
    ],
    "gridSettings": {
      "sx": 18,
      "sy": 18,
      "ox": 11,
      "oy": 15,
      "snapOnGrid": true
    }
  }
}