{
  "_fv": 34,
  "_type": "gui",
  "definition": {
    "type": 0,
    "width": 176,
    "height": 166,
    "inventoryOffsetX": 0,
    "inventoryOffsetY": 0,
    "renderBgLayer": true,
    "doesPauseGame": false,
    "components": [
      {
        "type": "label",
        "data": {
          "text": "Fonctions",
          "color": {
            "value": -12829636,
            "falpha": 0.0
          },
          "name": "Fonctions",
          "x": 186,
          "y": 44
        }
      },
      {
        "type": "label",
        "data": {
          "text": "Relie les lignes de A à F",
          "color": {
            "value": -12829636,
            "falpha": 0.0
          },
          "name": "Relie les lignes de A à F",
          "x": 150,
          "y": 71
        }
      },
      {
        "type": "label",
        "data": {
          "text": "Achat de tickets ou cartes",
          "color": {
            "value": -12829636,
            "falpha": 0.0
          },
          "name": "Achat de tickets ou cartes",
          "x": 150,
          "y": 107
        }
      },
      {
        "type": "button",
        "data": {
          "text": ">",
          "onClick": {
            "name": "GareGUI1Open"
          },
          "width": 30,
          "height": 20,
          "name": ">",
          "x": 267,
          "y": 179
        }
      }
    ],
    "gridSettings": {
      "sx": 18,
      "sy": 18,
      "ox": 11,
      "oy": 15,
      "snapOnGrid": true
    }
  }
}