{
  "_fv": 34,
  "_type": "gui",
  "definition": {
    "type": 0,
    "width": 260,
    "height": 200,
    "inventoryOffsetX": 0,
    "inventoryOffsetY": 0,
    "renderBgLayer": true,
    "doesPauseGame": false,
    "components": [
      {
        "type": "label",
        "data": {
          "text": "Lieu",
          "color": {
            "value": -12829636,
            "falpha": 0.0
          },
          "name": "Lieu",
          "x": 204,
          "y": 26
        }
      },
      {
        "type": "button",
        "data": {
          "text": "Gare",
          "onClick": {
            "name": "GareGUI0Open"
          },
          "width": 46,
          "height": 20,
          "name": "Gare",
          "x": 96,
          "y": 44
        }
      },
      {
        "type": "button",
        "data": {
          "text": "Centre Logistique",
          "onClick": {
            "name": "CLOpen0"
          },
          "width": 114,
          "height": 20,
          "name": "Centre Logistique",
          "x": 150,
          "y": 44
        }
      },
      {
        "type": "button",
        "data": {
          "text": "Centre Administratif",
          "onClick": {
            "name": "CAOPEN0"
          },
          "width": 129,
          "height": 20,
          "name": "Centre Administratif",
          "x": 96,
          "y": 71
        }
      },
      {
        "type": "button",
        "data": {
          "text": "Magasin Usines",
          "onClick": {
            "name": "MUOPEN0"
          },
          "width": 98,
          "height": 20,
          "name": "Magasin Usines",
          "x": 231,
          "y": 71
        }
      },
      {
        "type": "button",
        "data": {
          "text": "Gare Centrale",
          "onClick": {
            "name": "CGOPEN0"
          },
          "width": 93,
          "height": 20,
          "name": "Gare Centrale",
          "x": 222,
          "y": 98
        }
      },
      {
        "type": "button",
        "data": {
          "text": "Centre Commercial",
          "onClick": {
            "name": "CCOPEN0"
          },
          "width": 114,
          "height": 20,
          "name": "Centre Commercial",
          "x": 96,
          "y": 98
        }
      }
    ],
    "gridSettings": {
      "sx": 18,
      "sy": 18,
      "ox": 11,
      "oy": 15,
      "snapOnGrid": true
    }
  }
}