{
  "_fv": 34,
  "_type": "gui",
  "definition": {
    "type": 0,
    "width": 176,
    "height": 166,
    "inventoryOffsetX": 0,
    "inventoryOffsetY": 0,
    "renderBgLayer": true,
    "doesPauseGame": false,
    "components": [
      {
        "type": "label",
        "data": {
          "text": "Crédits de la map",
          "color": {
            "value": -12829636,
            "falpha": 0.0
          },
          "name": "Crédits de la map",
          "x": 168,
          "y": 44
        }
      },
      {
        "type": "label",
        "data": {
          "text": "Réalisé par : ",
          "color": {
            "value": -12829636,
            "falpha": 0.0
          },
          "name": "Réalisé par : ",
          "x": 141,
          "y": 62
        }
      },
      {
        "type": "label",
        "data": {
          "text": "Contact :",
          "color": {
            "value": -12829636,
            "falpha": 0.0
          },
          "name": "Contact :",
          "x": 141,
          "y": 107
        }
      }
    ],
    "gridSettings": {
      "sx": 18,
      "sy": 18,
      "ox": 11,
      "oy": 15,
      "snapOnGrid": true
    }
  }
}