{
  "_fv": 34,
  "_type": "gui",
  "definition": {
    "type": 1,
    "width": 176,
    "height": 166,
    "inventoryOffsetX": 0,
    "inventoryOffsetY": 0,
    "renderBgLayer": true,
    "doesPauseGame": false,
    "components": [
      {
        "type": "label",
        "data": {
          "text": "Distributeur de Money",
          "color": {
            "value": -12829636,
            "falpha": 0.0
          },
          "name": "Distributeur de Money",
          "x": 159,
          "y": 44
        }
      },
      {
        "type": "button",
        "data": {
          "text": "Recuperer 1",
          "onClick": {
            "name": "MoneyRecup"
          },
          "width": 82,
          "height": 20,
          "name": "Recuperer 1",
          "x": 168,
          "y": 98
        }
      },
      {
        "type": "outputslot",
        "data": {
          "id": 0,
          "disableStackInteraction": false,
          "dropItemsWhenNotBound": true,
          "name": "Slot #0",
          "x": 204,
          "y": 62
        }
      },
      {
        "type": "label",
        "data": {
          "text": "Vous avez : <VAR:Money> Money",
          "color": {
            "value": -12829636,
            "falpha": 0.0
          },
          "name": "Vous avez : <VAR:Money> Money",
          "x": 141,
          "y": 80
        }
      }
    ],
    "gridSettings": {
      "sx": 18,
      "sy": 18,
      "ox": 11,
      "oy": 15,
      "snapOnGrid": true
    }
  }
}