{
  "_fv": 34,
  "_type": "gui",
  "definition": {
    "type": 0,
    "width": 176,
    "height": 166,
    "inventoryOffsetX": 0,
    "inventoryOffsetY": 0,
    "renderBgLayer": true,
    "doesPauseGame": false,
    "components": [
      {
        "type": "label",
        "data": {
          "text": "Server CMDs",
          "color": {
            "value": -12829636,
            "falpha": 0.0
          },
          "name": "Server CMDs",
          "x": 186,
          "y": 44
        }
      },
      {
        "type": "button",
        "data": {
          "text": "Save All",
          "onClick": {
            "name": "Saveall"
          },
          "width": 66,
          "height": 20,
          "name": "Save All",
          "x": 141,
          "y": 62
        }
      },
      {
        "type": "button",
        "data": {
          "text": "Set Whitelist on",
          "onClick": {
            "name": "WhitelistOn"
          },
          "width": 108,
          "height": 20,
          "name": "Set Whitelist on",
          "x": 141,
          "y": 89
        }
      },
      {
        "type": "button",
        "data": {
          "text": "Kick All",
          "onClick": {
            "name": "Kickall"
          },
          "width": 66,
          "height": 20,
          "name": "Kick All",
          "x": 222,
          "y": 62
        }
      },
      {
        "type": "button",
        "data": {
          "text": "Set Whitelist off",
          "onClick": {
            "name": "WhitelistOff"
          },
          "width": 113,
          "height": 20,
          "name": "Set Whitelist off",
          "x": 141,
          "y": 116
        }
      },
      {
        "type": "button",
        "data": {
          "text": "Restart Server",
          "onClick": {
            "name": "Restartserver"
          },
          "width": 98,
          "height": 20,
          "name": "Restart Server",
          "x": 141,
          "y": 143
        }
      },
      {
        "type": "button",
        "data": {
          "text": "Stop Server",
          "onClick": {
            "name": "Stopserver"
          },
          "width": 82,
          "height": 20,
          "name": "Stop Server",
          "x": 141,
          "y": 170
        }
      },
      {
        "type": "button",
        "data": {
          "text": "X",
          "onClick": {
            "name": "ExitGUI"
          },
          "width": 30,
          "height": 20,
          "name": "X",
          "x": 267,
          "y": 179
        }
      }
    ],
    "gridSettings": {
      "sx": 18,
      "sy": 18,
      "ox": 11,
      "oy": 15,
      "snapOnGrid": true
    }
  }
}