{
  "_fv": 34,
  "_type": "gui",
  "definition": {
    "type": 0,
    "width": 176,
    "height": 166,
    "inventoryOffsetX": 0,
    "inventoryOffsetY": 0,
    "renderBgLayer": true,
    "doesPauseGame": false,
    "components": [
      {
        "type": "label",
        "data": {
          "text": "Debug Menu",
          "color": {
            "value": -12829636,
            "falpha": 0.0
          },
          "name": "Debug Menu",
          "x": 186,
          "y": 44
        }
      },
      {
        "type": "button",
        "data": {
          "text": "Exit",
          "onClick": {
            "name": "ExitGUI"
          },
          "width": 46,
          "height": 20,
          "name": "Exit",
          "x": 249,
          "y": 179
        }
      },
      {
        "type": "button",
        "data": {
          "text": "Server CMDs",
          "onClick": {
            "name": "ServerCMDopenGUI"
          },
          "width": 82,
          "height": 20,
          "name": "Server CMDs",
          "x": 168,
          "y": 98
        }
      },
      {
        "type": "button",
        "data": {
          "text": "BusUtilities CMDs",
          "onClick": {
            "name": "BusUtilitiesCMDGUIopen"
          },
          "width": 114,
          "height": 20,
          "name": "BusUtilities CMDs",
          "x": 150,
          "y": 62
        }
      },
      {
        "type": "button",
        "data": {
          "text": "Maintenance Mode",
          "onClick": {
            "name": "Maintenancemodopen"
          },
          "width": 108,
          "height": 20,
          "name": "Maintenance Mode",
          "x": 159,
          "y": 134
        }
      }
    ],
    "gridSettings": {
      "sx": 18,
      "sy": 18,
      "ox": 11,
      "oy": 15,
      "snapOnGrid": true
    }
  }
}