{
  "_fv": 34,
  "_type": "gui",
  "definition": {
    "type": 0,
    "width": 176,
    "height": 166,
    "inventoryOffsetX": 0,
    "inventoryOffsetY": 0,
    "renderBgLayer": true,
    "doesPauseGame": false,
    "components": [
      {
        "type": "label",
        "data": {
          "text": "Selecteur de boutique",
          "color": {
            "value": -12829636,
            "falpha": 0.0
          },
          "name": "Selecteur de boutique",
          "x": 159,
          "y": 44
        }
      },
      {
        "type": "button",
        "data": {
          "text": "X",
          "onClick": {
            "name": "ExitGUI"
          },
          "width": 30,
          "height": 20,
          "name": "X",
          "x": 267,
          "y": 179
        }
      },
      {
        "type": "button",
        "data": {
          "text": "Boutique de Tickets",
          "onClick": {
            "name": "BuyTicket1Acces"
          },
          "width": 124,
          "height": 20,
          "name": "Boutique de Tickets",
          "x": 150,
          "y": 80
        }
      },
      {
        "type": "button",
        "data": {
          "text": "Boutique de Cartes",
          "width": 119,
          "height": 20,
          "name": "Boutique de Cartes",
          "x": 150,
          "y": 134
        }
      },
      {
        "type": "label",
        "data": {
          "text": "Désactivé",
          "color": {
            "value": -3407872,
            "falpha": 0.0
          },
          "name": "Désactivé",
          "x": 186,
          "y": 125
        }
      }
    ],
    "gridSettings": {
      "sx": 18,
      "sy": 18,
      "ox": 11,
      "oy": 15,
      "snapOnGrid": true
    }
  }
}