{
  "_fv": 34,
  "_type": "gui",
  "definition": {
    "type": 0,
    "width": 204,
    "height": 166,
    "inventoryOffsetX": 0,
    "inventoryOffsetY": 0,
    "renderBgLayer": true,
    "doesPauseGame": false,
    "components": [
      {
        "type": "button",
        "data": {
          "text": "Suite",
          "onClick": {
            "name": "StartFrOp8"
          },
          "width": 51,
          "height": 20,
          "name": "Suite",
          "x": 258,
          "y": 179
        }
      },
      {
        "type": "button",
        "data": {
          "text": "Fermer",
          "onClick": {
            "name": "ExitGUI"
          },
          "width": 56,
          "height": 20,
          "name": "Fermer",
          "x": 186,
          "y": 179
        }
      },
      {
        "type": "label",
        "data": {
          "text": "Ticket d'urgence",
          "color": {
            "value": -12829636,
            "falpha": 0.0
          },
          "name": "Ticket d'urgence",
          "x": 168,
          "y": 44
        }
      },
      {
        "type": "button",
        "data": {
          "text": "Retour",
          "onClick": {
            "name": "StartFrOp6"
          },
          "width": 56,
          "height": 20,
          "name": "Retour",
          "x": 114,
          "y": 179
        }
      },
      {
        "type": "label",
        "data": {
          "text": "Vous pouvez acheté ce ticket",
          "color": {
            "value": -12829636,
            "falpha": 0.0
          },
          "name": "Vous pouvez acheté ce ticket",
          "x": 123,
          "y": 62
        }
      },
      {
        "type": "label",
        "data": {
          "text": "avec la commande :",
          "color": {
            "value": -12829636,
            "falpha": 0.0
          },
          "name": "avec la commande :",
          "x": 123,
          "y": 80
        }
      },
      {
        "type": "label",
        "data": {
          "text": "/ticket",
          "color": {
            "value": -12829636,
            "falpha": 0.0
          },
          "name": "/ticket",
          "x": 222,
          "y": 80
        }
      }
    ],
    "gridSettings": {
      "sx": 18,
      "sy": 18,
      "ox": 11,
      "oy": 15,
      "snapOnGrid": true
    }
  }
}