{
  "_fv": 34,
  "_type": "gui",
  "definition": {
    "type": 0,
    "width": 410,
    "height": 166,
    "inventoryOffsetX": 0,
    "inventoryOffsetY": 0,
    "renderBgLayer": true,
    "doesPauseGame": false,
    "components": [
      {
        "type": "button",
        "data": {
          "text": "Suite",
          "onClick": {
            "name": "StartFrOp3"
          },
          "width": 51,
          "height": 20,
          "name": "Suite",
          "x": 357,
          "y": 179
        }
      },
      {
        "type": "button",
        "data": {
          "text": "Fermer",
          "onClick": {
            "name": "ExitGUI"
          },
          "width": 56,
          "height": 20,
          "name": "Fermer",
          "x": 186,
          "y": 179
        }
      },
      {
        "type": "label",
        "data": {
          "text": "Choses à savoir !",
          "color": {
            "value": -12829636,
            "falpha": 0.0
          },
          "name": "Choses à savoir !",
          "x": 168,
          "y": 44
        }
      },
      {
        "type": "button",
        "data": {
          "text": "Retour",
          "onClick": {
            "name": "StartFrOp1"
          },
          "width": 56,
          "height": 20,
          "name": "Retour",
          "x": 15,
          "y": 179
        }
      },
      {
        "type": "label",
        "data": {
          "text": "Ticket 1 Voyage :",
          "color": {
            "value": -12829636,
            "falpha": 0.0
          },
          "name": "Ticket 1 Voyage :",
          "x": 15,
          "y": 62
        }
      },
      {
        "type": "image",
        "data": {
          "image": "ticket_1_voyage.png",
          "use1Xscale": false,
          "name": "ticket_1_voyage.png",
          "x": 33,
          "y": 80
        }
      },
      {
        "type": "label",
        "data": {
          "text": "1 Voyage de 1h",
          "color": {
            "value": -12829636,
            "falpha": 0.0
          },
          "name": "1 Voyage de 1h",
          "x": 15,
          "y": 116
        }
      },
      {
        "type": "label",
        "data": {
          "text": "1 Emeraude",
          "color": {
            "value": -12829636,
            "falpha": 0.0
          },
          "name": "1 Emeraude",
          "x": 24,
          "y": 143
        }
      },
      {
        "type": "label",
        "data": {
          "text": "Ticket 3 Voyages :",
          "color": {
            "value": -12829636,
            "falpha": 0.0
          },
          "name": "Ticket 3 Voyages :",
          "x": 168,
          "y": 62
        }
      },
      {
        "type": "image",
        "data": {
          "image": "ticket_3_voayge.png",
          "use1Xscale": false,
          "name": "ticket_3_voayge.png",
          "x": 195,
          "y": 80
        }
      },
      {
        "type": "label",
        "data": {
          "text": "3 Voyages de 1h",
          "color": {
            "value": -12829636,
            "falpha": 0.0
          },
          "name": "3 Voyages de 1h",
          "x": 177,
          "y": 116
        }
      },
      {
        "type": "label",
        "data": {
          "text": "3 Emeraudes",
          "color": {
            "value": -12829636,
            "falpha": 0.0
          },
          "name": "3 Emeraudes",
          "x": 186,
          "y": 143
        }
      },
      {
        "type": "label",
        "data": {
          "text": "Ticket 10 Voyages :",
          "color": {
            "value": -12829636,
            "falpha": 0.0
          },
          "name": "Ticket 10 Voyages :",
          "x": 303,
          "y": 62
        }
      },
      {
        "type": "image",
        "data": {
          "image": "ticket_10_voyage.png",
          "use1Xscale": false,
          "name": "ticket_10_voyage.png",
          "x": 339,
          "y": 80
        }
      },
      {
        "type": "label",
        "data": {
          "text": "10 Voyages de 1h",
          "color": {
            "value": -12829636,
            "falpha": 0.0
          },
          "name": "10 Voyages de 1h",
          "x": 312,
          "y": 116
        }
      },
      {
        "type": "label",
        "data": {
          "text": "10 Emeraudes",
          "color": {
            "value": -12829636,
            "falpha": 0.0
          },
          "name": "10 Emeraudes",
          "x": 321,
          "y": 143
        }
      }
    ],
    "gridSettings": {
      "sx": 18,
      "sy": 18,
      "ox": 11,
      "oy": 15,
      "snapOnGrid": true
    }
  }
}