{
  "_fv": 34,
  "_type": "gui",
  "definition": {
    "type": 0,
    "width": 204,
    "height": 166,
    "inventoryOffsetX": 0,
    "inventoryOffsetY": 0,
    "renderBgLayer": true,
    "doesPauseGame": false,
    "components": [
      {
        "type": "button",
        "data": {
          "text": "Suite",
          "onClick": {
            "name": "StartFrOp1"
          },
          "width": 51,
          "height": 20,
          "name": "Suite",
          "x": 258,
          "y": 179
        }
      },
      {
        "type": "button",
        "data": {
          "text": "Fermer",
          "onClick": {
            "name": "ExitGUI"
          },
          "width": 56,
          "height": 20,
          "name": "Fermer",
          "x": 186,
          "y": 179
        }
      },
      {
        "type": "label",
        "data": {
          "text": "Choses à savoir !",
          "color": {
            "value": -12829636,
            "falpha": 0.0
          },
          "name": "Choses à savoir !",
          "x": 168,
          "y": 44
        }
      },
      {
        "type": "label",
        "data": {
          "text": "Pour voyager sur la map",
          "color": {
            "value": -12829636,
            "falpha": 0.0
          },
          "name": "Pour voyager sur la map",
          "x": 123,
          "y": 62
        }
      },
      {
        "type": "label",
        "data": {
          "text": "vous devez acheter des ticket de",
          "color": {
            "value": -12829636,
            "falpha": 0.0
          },
          "name": "vous devez acheter des ticket de",
          "x": 123,
          "y": 80
        }
      },
      {
        "type": "label",
        "data": {
          "text": "transport semblable à celui-ci :",
          "color": {
            "value": -12829636,
            "falpha": 0.0
          },
          "name": "transport semblable à celui-ci :",
          "x": 123,
          "y": 98
        }
      },
      {
        "type": "image",
        "data": {
          "image": "ticket_1_voyage.png",
          "use1Xscale": false,
          "name": "ticket_1_voyage.png",
          "x": 195,
          "y": 116
        }
      },
      {
        "type": "button",
        "data": {
          "text": "Retour",
          "onClick": {
            "name": "StartFrOpen"
          },
          "width": 56,
          "height": 20,
          "name": "Retour",
          "x": 114,
          "y": 179
        }
      }
    ],
    "gridSettings": {
      "sx": 18,
      "sy": 18,
      "ox": 11,
      "oy": 15,
      "snapOnGrid": true
    }
  }
}