{
  "_fv": 34,
  "_type": "gui",
  "definition": {
    "type": 0,
    "width": 204,
    "height": 166,
    "inventoryOffsetX": 0,
    "inventoryOffsetY": 0,
    "renderBgLayer": true,
    "doesPauseGame": false,
    "components": [
      {
        "type": "button",
        "data": {
          "text": "Suite",
          "onClick": {
            "name": "StartFrOp2"
          },
          "width": 51,
          "height": 20,
          "name": "Suite",
          "x": 258,
          "y": 179
        }
      },
      {
        "type": "button",
        "data": {
          "text": "Fermer",
          "onClick": {
            "name": "ExitGUI"
          },
          "width": 56,
          "height": 20,
          "name": "Fermer",
          "x": 186,
          "y": 179
        }
      },
      {
        "type": "label",
        "data": {
          "text": "Choses à savoir !",
          "color": {
            "value": -12829636,
            "falpha": 0.0
          },
          "name": "Choses à savoir !",
          "x": 168,
          "y": 44
        }
      },
      {
        "type": "button",
        "data": {
          "text": "Retour",
          "onClick": {
            "name": "StartFrOp0"
          },
          "width": 56,
          "height": 20,
          "name": "Retour",
          "x": 114,
          "y": 179
        }
      },
      {
        "type": "label",
        "data": {
          "text": "Ces ticket vous permettent de",
          "color": {
            "value": -12829636,
            "falpha": 0.0
          },
          "name": "Ces ticket vous permettent de",
          "x": 123,
          "y": 62
        }
      },
      {
        "type": "label",
        "data": {
          "text": "voyager librement sur la carte",
          "color": {
            "value": -12829636,
            "falpha": 0.0
          },
          "name": "voyager librement sur la carte",
          "x": 123,
          "y": 80
        }
      },
      {
        "type": "label",
        "data": {
          "text": "durant 1h à partir du moment",
          "color": {
            "value": -12829636,
            "falpha": 0.0
          },
          "name": "durant 1h à partir du moment",
          "x": 123,
          "y": 98
        }
      },
      {
        "type": "label",
        "data": {
          "text": "d'activation",
          "color": {
            "value": -12829636,
            "falpha": 0.0
          },
          "name": "d'activation",
          "x": 123,
          "y": 116
        }
      },
      {
        "type": "label",
        "data": {
          "text": "Voici les taris des tickets :",
          "color": {
            "value": -12829636,
            "falpha": 0.0
          },
          "name": "Voici les taris des tickets :",
          "x": 123,
          "y": 143
        }
      }
    ],
    "gridSettings": {
      "sx": 18,
      "sy": 18,
      "ox": 11,
      "oy": 15,
      "snapOnGrid": true
    }
  }
}