{
  "_fv": 34,
  "_type": "gui",
  "definition": {
    "type": 0,
    "width": 204,
    "height": 166,
    "inventoryOffsetX": 0,
    "inventoryOffsetY": 0,
    "renderBgLayer": true,
    "doesPauseGame": false,
    "components": [
      {
        "type": "button",
        "data": {
          "text": "Fermer",
          "onClick": {
            "name": "ExitGUI"
          },
          "width": 56,
          "height": 20,
          "name": "Fermer",
          "x": 186,
          "y": 179
        }
      },
      {
        "type": "button",
        "data": {
          "text": "Retour",
          "onClick": {
            "name": "StartFrOp8"
          },
          "width": 56,
          "height": 20,
          "name": "Retour",
          "x": 114,
          "y": 179
        }
      },
      {
        "type": "label",
        "data": {
          "text": "Fin",
          "color": {
            "value": -12829636,
            "falpha": 0.0
          },
          "name": "Fin",
          "x": 204,
          "y": 44
        }
      },
      {
        "type": "label",
        "data": {
          "text": "Si vous avez d'autre questions",
          "color": {
            "value": -12829636,
            "falpha": 0.0
          },
          "name": "Si vous avez d'autre questions",
          "x": 123,
          "y": 62
        }
      },
      {
        "type": "label",
        "data": {
          "text": "Faite la commande /aide ou",
          "color": {
            "value": -12829636,
            "falpha": 0.0
          },
          "name": "Faite la commande /aide ou",
          "x": 123,
          "y": 80
        }
      },
      {
        "type": "label",
        "data": {
          "text": "rejoignez le serveur discord :",
          "color": {
            "value": -12829636,
            "falpha": 0.0
          },
          "name": "rejoignez le serveur discord :",
          "x": 123,
          "y": 98
        }
      },
      {
        "type": "label",
        "data": {
          "text": "*ID DISCORD*",
          "color": {
            "value": -12829636,
            "falpha": 0.0
          },
          "name": "*ID DISCORD*",
          "x": 123,
          "y": 116
        }
      },
      {
        "type": "label",
        "data": {
          "text": "Bon jeu !",
          "color": {
            "value": -12829636,
            "falpha": 0.0
          },
          "name": "Bon jeu !",
          "x": 191,
          "y": 156
        }
      }
    ],
    "gridSettings": {
      "sx": 18,
      "sy": 18,
      "ox": 11,
      "oy": 15,
      "snapOnGrid": false
    }
  }
}