{
  "_fv": 34,
  "_type": "gui",
  "definition": {
    "type": 0,
    "width": 176,
    "height": 166,
    "inventoryOffsetX": 0,
    "inventoryOffsetY": 0,
    "renderBgLayer": true,
    "doesPauseGame": false,
    "components": [
      {
        "type": "label",
        "data": {
          "text": "Select your lang",
          "color": {
            "value": -12829636,
            "falpha": 0.0
          },
          "name": "Select your lang",
          "x": 168,
          "y": 44
        }
      },
      {
        "type": "button",
        "data": {
          "text": "X",
          "onClick": {
            "name": "ExitGUI"
          },
          "width": 30,
          "height": 20,
          "name": "X",
          "x": 267,
          "y": 179
        }
      },
      {
        "type": "button",
        "data": {
          "text": "FRA",
          "onClick": {
            "name": "StartFrOpen"
          },
          "width": 35,
          "height": 20,
          "name": "FRA",
          "x": 150,
          "y": 71
        }
      },
      {
        "type": "button",
        "data": {
          "text": "ENG",
          "onClick": {
            "name": "StartEngOpen"
          },
          "width": 40,
          "height": 20,
          "name": "ENG",
          "x": 240,
          "y": 71
        }
      }
    ],
    "gridSettings": {
      "sx": 18,
      "sy": 18,
      "ox": 11,
      "oy": 15,
      "snapOnGrid": true
    }
  }
}